time,ibus,pg,pt,pb,qg,qt,qb
0,1,0,0,0,0,0,0
450,1,20.2841998823704,20.2841998823704,0,0,22.0646008896876,-22.0646008896876
